EmployeeID,Gender,Age,Department,JobRole,MonthlyIncome,YearsAtCompany,JobSatisfaction,OverTime,Attrition,Education,MaritalStatus,AgeGroup
1001,Female,35,IT,Software Engineer,7487,2,4,No,No,High School,Single,35-44
1002,Male,23,Marketing,Marketing Specialist,5301,5,3,Yes,No,Master,Divorced,Under 25
1003,Male,37,Finance,Finance Manager,8460,6,3,Yes,No,Master,Single,35-44
1004,Female,39,HR,HR Manager,7822,1,2,No,No,Bachelor,Married,35-44
1005,Female,38,Sales,Sales Executive,4089,4,1,Yes,Yes,Master,Married,35-44
1006,Male,43,Sales,Sales Executive,3735,3,2,No,No,Master,Married,35-44
1007,Female,41,Sales,Sales Executive,3406,6,4,No,No,Bachelor,Single,35-44
1008,Female,38,Marketing,Marketing Manager,8030,7,3,No,No,Bachelor,Divorced,35-44
1009,Female,33,HR,HR Specialist,4283,3,3,No,No,PhD,Single,25-34
1010,Female,21,Finance,Finance Manager,6601,11,3,No,No,Master,Married,Under 25
1011,Female,37,Sales,Sales Manager,7353,6,4,No,Yes,Bachelor,Single,35-44
1012,Male,36,Marketing,Marketing Manager,9320,3,1,No,No,Master,Single,35-44
1013,Female,36,Marketing,Marketing Specialist,5396,1,2,No,No,Bachelor,Married,35-44
1014,Female,24,Sales,Sales Manager,7645,7,3,No,No,Bachelor,Married,Under 25
1015,Male,25,Sales,Sales Representative,4053,8,4,No,No,Bachelor,Single,25-34
1016,Male,42,Sales,Sales Executive,4536,4,4,No,Yes,Master,Single,35-44
1017,Male,34,IT,Software Engineer,7997,6,2,No,No,Master,Married,25-34
1018,Female,39,IT,Software Engineer,7211,15,4,No,No,Bachelor,Married,35-44
1019,Female,34,IT,Data Analyst,7174,10,4,No,No,Bachelor,Divorced,25-34
1020,Male,34,IT,Data Analyst,7209,1,2,No,Yes,Bachelor,Single,25-34
1021,Female,42,HR,Recruiter,4766,3,3,No,No,PhD,Married,35-44
1022,Male,30,Sales,Sales Manager,7745,5,3,No,Yes,PhD,Single,25-34
1023,Female,35,IT,Software Engineer,7286,6,4,No,No,Master,Single,35-44
1024,Female,30,IT,Data Analyst,6509,6,2,No,No,Master,Married,25-34
1025,Female,31,IT,IT Support,6649,8,4,No,No,Master,Married,25-34
1026,Male,32,Finance,Financial Analyst,5416,5,3,No,No,Bachelor,Single,25-34
1027,Male,36,Sales,Sales Representative,4018,6,4,No,No,High School,Single,35-44
1028,Male,30,IT,Senior Developer,8694,10,3,No,No,Bachelor,Single,25-34
1029,Male,44,HR,HR Specialist,5706,7,3,Yes,No,Master,Married,35-44
1030,Female,27,Sales,Sales Executive,4909,2,4,No,No,Master,Divorced,25-34
1031,Female,33,HR,Recruiter,5184,6,4,No,No,Bachelor,Single,25-34
1032,Female,30,Sales,Sales Representative,4532,5,4,No,No,PhD,Single,25-34
1033,Female,46,Sales,Sales Representative,4904,1,1,No,No,Bachelor,Married,45+
1034,Female,36,Marketing,Marketing Analyst,6063,6,3,No,No,Bachelor,Divorced,35-44
1035,Female,42,Marketing,Marketing Specialist,5407,2,2,No,No,Master,Married,35-44
1036,Female,22,Finance,Financial Analyst,5147,11,3,Yes,No,Master,Single,Under 25
1037,Female,36,IT,Senior Developer,8008,8,3,No,No,Master,Single,35-44
1038,Male,41,Sales,Sales Executive,4402,2,3,No,No,Bachelor,Married,35-44
1039,Male,35,Finance,Financial Analyst,5604,10,3,Yes,No,Bachelor,Married,35-44
1040,Male,43,IT,IT Support,6178,13,4,No,No,Master,Single,35-44
1041,Female,30,Sales,Sales Executive,4637,5,2,No,No,Bachelor,Married,25-34
1042,Female,45,IT,Senior Developer,9044,5,3,No,No,Bachelor,Single,45+
1043,Male,52,Sales,Sales Representative,3954,10,3,Yes,No,Master,Married,45+
1044,Female,31,Marketing,Marketing Manager,8016,13,2,No,No,Bachelor,Single,25-34
1045,Female,30,Sales,Sales Representative,4042,1,2,No,No,Master,Single,25-34
1046,Male,46,HR,HR Specialist,3716,2,4,No,No,Master,Married,45+
1047,Male,47,IT,IT Support,5689,4,4,No,No,Bachelor,Married,45+
1048,Female,30,IT,Software Engineer,7306,4,4,No,No,High School,Divorced,25-34
1049,Male,31,IT,IT Support,5514,9,4,No,No,Master,Married,25-34
1050,Female,32,Sales,Sales Executive,4990,13,2,No,Yes,Master,Single,25-34
1051,Male,23,Marketing,Marketing Manager,8695,13,3,No,No,Master,Married,Under 25
1052,Female,27,Finance,Accountant,6492,1,3,Yes,Yes,Master,Single,25-34
1053,Female,26,Marketing,Marketing Manager,7561,3,3,No,No,Master,Divorced,25-34
1054,Female,28,Marketing,Marketing Manager,8669,4,3,Yes,No,PhD,Single,25-34
1055,Female,34,HR,HR Manager,7297,3,3,Yes,No,Bachelor,Married,25-34
1056,Male,36,Marketing,Marketing Manager,7481,8,3,Yes,No,Bachelor,Single,35-44
1057,Male,46,Sales,Sales Executive,4201,8,3,Yes,No,Bachelor,Married,45+
1058,Male,26,Sales,Sales Manager,6903,6,2,No,No,Bachelor,Married,25-34
1059,Female,42,Sales,Sales Executive,4348,5,3,Yes,No,Bachelor,Married,35-44
1060,Female,32,IT,Software Engineer,7511,4,3,No,No,Bachelor,Single,25-34
1061,Female,34,IT,Data Analyst,7104,5,3,No,No,Master,Single,25-34
1062,Male,39,Sales,Sales Representative,4002,15,2,No,No,Bachelor,Married,35-44
1063,Male,25,Finance,Financial Analyst,6284,9,4,Yes,No,Bachelor,Divorced,25-34
1064,Male,37,IT,Data Analyst,7774,4,1,No,No,Bachelor,Single,35-44
1065,Male,35,IT,Software Engineer,8017,5,3,No,No,High School,Married,35-44
1066,Female,38,IT,IT Support,5335,8,4,No,No,High School,Single,35-44
1067,Male,36,Sales,Sales Representative,2500,2,3,No,No,Bachelor,Married,35-44
1068,Male,54,Finance,Accountant,6307,6,2,No,No,High School,Single,45+
1069,Female,29,Sales,Sales Manager,6212,9,3,No,No,Master,Single,25-34
1070,Male,30,Marketing,Marketing Analyst,5554,8,3,No,No,Master,Married,25-34
1071,Male,29,Finance,Financial Analyst,5239,3,4,No,No,Master,Single,25-34
1072,Female,30,Sales,Sales Representative,2829,3,4,Yes,No,Master,Married,25-34
1073,Male,29,Sales,Sales Representative,4352,1,3,No,No,Bachelor,Married,25-34
1074,Female,44,Finance,Financial Analyst,6493,9,3,Yes,No,Master,Single,35-44
1075,Female,45,Finance,Finance Manager,7625,19,2,No,No,Master,Married,45+
1076,Female,29,Finance,Accountant,4016,3,2,No,No,Bachelor,Married,25-34
1077,Male,27,Finance,Finance Manager,7645,11,3,No,No,Master,Single,25-34
1078,Female,38,Sales,Sales Manager,7355,18,3,No,No,Bachelor,Married,35-44
1079,Male,30,IT,Software Engineer,6439,4,3,No,Yes,Master,Married,25-34
1080,Male,39,Sales,Sales Manager,7219,5,2,No,No,PhD,Married,35-44
1081,Male,36,Marketing,Marketing Manager,7690,7,1,No,No,High School,Single,35-44
1082,Female,22,HR,HR Specialist,5377,8,3,No,No,Master,Single,Under 25
1083,Male,46,IT,Data Analyst,7078,7,2,Yes,Yes,Master,Single,45+
1084,Male,48,Sales,Sales Executive,3968,4,4,No,No,PhD,Single,45+
1085,Female,29,IT,IT Support,7078,9,1,No,No,Bachelor,Married,25-34
1086,Male,31,IT,IT Support,6197,4,3,Yes,No,Master,Married,25-34
1087,Male,36,Finance,Accountant,5682,7,4,No,No,High School,Single,35-44
1088,Male,37,HR,Recruiter,4593,5,2,Yes,Yes,Bachelor,Single,35-44
1089,Male,39,Marketing,Marketing Manager,7412,1,3,No,No,High School,Married,35-44
1090,Male,50,IT,Data Analyst,6425,13,1,No,No,PhD,Married,45+
1091,Male,33,Sales,Sales Manager,6988,3,3,No,No,Master,Single,25-34
1092,Female,28,Finance,Accountant,6813,13,3,Yes,Yes,Master,Married,25-34
1093,Male,23,Finance,Financial Analyst,5108,11,3,Yes,No,Master,Single,Under 25
1094,Male,28,HR,HR Specialist,3951,7,3,Yes,No,High School,Divorced,25-34
1095,Female,34,Finance,Financial Analyst,6956,8,4,No,No,Bachelor,Divorced,25-34
1096,Male,48,IT,Senior Developer,8564,9,2,No,No,High School,Single,45+
1097,Female,30,IT,IT Support,5865,5,1,No,No,Bachelor,Single,25-34
1098,Male,36,IT,Senior Developer,9376,5,4,No,No,Bachelor,Married,35-44
1099,Male,34,Sales,Sales Executive,4206,8,3,No,No,Bachelor,Single,25-34
1100,Male,44,Sales,Sales Executive,5787,6,4,No,No,Bachelor,Married,35-44
1101,Male,54,Sales,Sales Manager,7541,4,3,No,No,High School,Married,45+
1102,Male,30,HR,Recruiter,4883,3,4,No,No,Bachelor,Married,25-34
1103,Male,30,IT,Senior Developer,10102,7,3,No,Yes,Bachelor,Married,25-34
1104,Male,42,IT,Data Analyst,6606,3,4,Yes,No,PhD,Married,35-44
1105,Male,39,Marketing,Marketing Manager,8182,10,4,Yes,Yes,Master,Single,35-44
1106,Male,49,Sales,Sales Representative,4195,10,3,No,No,PhD,Married,45+
1107,Male,39,IT,IT Support,7146,8,2,Yes,No,Bachelor,Single,35-44
1108,Male,31,Finance,Finance Manager,9015,9,2,No,No,Bachelor,Married,25-34
1109,Male,39,Sales,Sales Representative,4021,8,2,No,No,Master,Single,35-44
1110,Female,43,Sales,Sales Executive,4110,10,2,No,No,Bachelor,Single,35-44
1111,Male,41,IT,Senior Developer,8999,9,3,No,No,Bachelor,Divorced,35-44
1112,Female,38,Sales,Sales Executive,4159,7,3,Yes,No,Bachelor,Single,35-44
1113,Female,43,Marketing,Marketing Specialist,6709,11,3,No,No,Bachelor,Divorced,35-44
1114,Male,43,Finance,Finance Manager,8089,5,3,No,No,Bachelor,Divorced,35-44
1115,Female,45,HR,Recruiter,4963,3,3,No,No,Bachelor,Married,45+
1116,Female,39,Marketing,Marketing Manager,7820,3,1,No,No,Master,Married,35-44
1117,Male,33,Finance,Accountant,4824,4,1,No,No,High School,Married,25-34
1118,Male,35,Sales,Sales Manager,6468,1,2,No,Yes,Bachelor,Married,35-44
1119,Female,44,Marketing,Marketing Manager,8480,7,3,No,No,Master,Single,35-44
1120,Female,27,IT,IT Support,5873,9,2,Yes,No,Bachelor,Married,25-34
1121,Male,37,Finance,Finance Manager,7320,10,2,No,No,Bachelor,Married,35-44
1122,Male,31,Marketing,Marketing Analyst,6049,1,3,No,No,Master,Married,25-34
1123,Male,34,IT,Senior Developer,9471,3,4,No,Yes,Bachelor,Married,25-34
1124,Male,44,Sales,Sales Executive,5067,10,1,No,No,High School,Single,35-44
1125,Female,36,Sales,Sales Executive,5247,5,3,No,Yes,Bachelor,Married,35-44
1126,Male,34,IT,IT Support,5808,9,3,No,No,Bachelor,Married,25-34
1127,Male,23,Finance,Financial Analyst,5076,2,4,No,No,Bachelor,Single,Under 25
1128,Female,40,Marketing,Marketing Specialist,6376,13,4,Yes,No,Master,Divorced,35-44
1129,Male,39,Sales,Sales Executive,4390,2,1,No,No,Bachelor,Married,35-44
1130,Male,51,IT,Data Analyst,6837,6,2,Yes,No,Bachelor,Married,45+
1131,Female,32,IT,Data Analyst,7863,7,4,Yes,No,Bachelor,Married,25-34
1132,Female,36,Sales,Sales Manager,7462,4,3,No,No,Bachelor,Married,35-44
1133,Male,36,Sales,Sales Representative,4296,8,3,No,No,Master,Single,35-44
1134,Male,47,IT,Software Engineer,8807,8,3,No,No,Bachelor,Married,45+
1135,Male,33,Marketing,Marketing Analyst,5282,7,3,Yes,No,Bachelor,Single,25-34
1136,Male,36,IT,IT Support,6903,4,4,No,No,High School,Divorced,35-44
1137,Male,39,IT,IT Support,6337,3,4,No,No,Bachelor,Divorced,35-44
1138,Male,35,Finance,Finance Manager,8175,4,4,No,No,Bachelor,Single,35-44
1139,Male,30,IT,Senior Developer,9694,3,2,No,No,Master,Single,25-34
1140,Male,36,Marketing,Marketing Manager,8030,12,4,No,No,High School,Married,35-44
1141,Male,43,Marketing,Marketing Specialist,5750,4,1,No,No,Bachelor,Single,35-44
1142,Male,26,Sales,Sales Manager,7797,6,2,No,No,Bachelor,Married,25-34
1143,Male,35,IT,Software Engineer,7163,10,4,Yes,Yes,Master,Single,35-44
1144,Male,28,IT,Senior Developer,8155,3,2,No,No,Bachelor,Single,25-34
1145,Male,44,IT,Senior Developer,8021,2,2,No,No,Master,Divorced,35-44
1146,Female,22,Sales,Sales Executive,3322,3,2,No,No,Master,Married,Under 25
1147,Female,30,HR,HR Manager,8537,7,4,Yes,No,Master,Married,25-34
1148,Female,37,IT,IT Support,5583,6,3,No,No,Bachelor,Single,35-44
1149,Female,47,Sales,Sales Executive,4456,7,3,No,Yes,Bachelor,Married,45+
1150,Male,33,Sales,Sales Representative,3820,5,2,No,No,Master,Married,25-34
1151,Male,30,Marketing,Marketing Specialist,5600,0,4,Yes,No,PhD,Married,25-34
1152,Male,49,Sales,Sales Manager,7630,5,4,No,No,Master,Married,45+
1153,Female,22,Sales,Sales Manager,7659,11,3,No,No,Bachelor,Married,Under 25
1154,Female,21,IT,Senior Developer,8321,12,3,No,No,Bachelor,Married,Under 25
1155,Male,38,Marketing,Marketing Manager,7591,6,2,Yes,No,Bachelor,Single,35-44
1156,Male,30,Sales,Sales Executive,4784,6,4,No,No,Master,Married,25-34
1157,Male,26,Finance,Finance Manager,7838,9,3,No,No,Bachelor,Single,25-34
1158,Male,40,Finance,Financial Analyst,7045,12,4,Yes,Yes,Bachelor,Married,35-44
1159,Female,36,Sales,Sales Manager,7419,6,3,Yes,No,Master,Single,35-44
1160,Female,29,Finance,Accountant,6178,8,4,No,No,Bachelor,Married,25-34
1161,Male,24,IT,Data Analyst,7431,4,4,Yes,No,Master,Married,Under 25
1162,Female,41,HR,HR Specialist,5763,2,3,Yes,No,Bachelor,Single,35-44
1163,Female,39,HR,HR Manager,7318,4,4,No,Yes,Bachelor,Single,35-44
1164,Male,33,IT,Data Analyst,6157,14,3,No,No,Bachelor,Single,25-34
1165,Male,49,Sales,Sales Manager,7360,9,2,Yes,No,Master,Married,45+
1166,Male,25,Marketing,Marketing Manager,7277,2,3,No,No,Bachelor,Married,25-34
1167,Male,22,IT,Software Engineer,7056,9,4,Yes,No,Bachelor,Single,Under 25
1168,Male,28,Sales,Sales Manager,7481,2,3,Yes,No,PhD,Married,25-34
1169,Male,34,Sales,Sales Representative,4805,7,2,Yes,No,Bachelor,Single,25-34
1170,Male,36,HR,HR Manager,7214,3,3,No,Yes,Bachelor,Married,35-44
1171,Male,32,Finance,Financial Analyst,6201,2,3,Yes,No,Bachelor,Divorced,25-34
1172,Female,37,Sales,Sales Executive,5706,15,3,Yes,No,Bachelor,Single,35-44
1173,Male,24,IT,Senior Developer,8856,4,3,No,No,Master,Married,Under 25
1174,Male,46,Sales,Sales Representative,5691,8,4,No,No,Bachelor,Single,45+
1175,Male,33,HR,HR Specialist,5368,6,2,Yes,No,Bachelor,Single,25-34
1176,Female,43,Sales,Sales Executive,3456,2,3,No,No,Bachelor,Single,35-44
1177,Male,37,Finance,Financial Analyst,6490,5,2,Yes,No,Master,Single,35-44
1178,Male,38,IT,Software Engineer,7648,2,2,No,No,Bachelor,Married,35-44
1179,Female,39,Marketing,Marketing Specialist,6238,22,4,No,No,Bachelor,Married,35-44
1180,Female,38,Sales,Sales Manager,7538,9,4,No,No,Bachelor,Married,35-44
1181,Female,39,IT,IT Support,6210,6,3,No,No,Bachelor,Single,35-44
1182,Male,45,Sales,Sales Executive,3804,8,4,No,Yes,Bachelor,Single,45+
1183,Male,36,Marketing,Marketing Manager,7564,9,4,Yes,No,Bachelor,Married,35-44
1184,Female,40,Marketing,Marketing Specialist,4847,9,4,No,No,Master,Divorced,35-44
1185,Female,33,Sales,Sales Executive,4223,9,2,Yes,No,Bachelor,Single,25-34
1186,Female,46,HR,Recruiter,5583,8,4,No,No,Master,Divorced,45+
1187,Female,29,Finance,Accountant,6785,6,3,No,No,PhD,Married,25-34
1188,Male,48,HR,Recruiter,5457,15,3,No,No,Bachelor,Married,45+
1189,Female,34,IT,Data Analyst,6223,6,1,No,No,Bachelor,Married,25-34
1190,Male,23,Sales,Sales Representative,4289,6,3,No,No,Bachelor,Single,Under 25
1191,Male,35,Sales,Sales Manager,7878,6,2,No,No,Master,Single,35-44
1192,Male,29,Marketing,Marketing Manager,7304,7,2,No,No,Bachelor,Married,25-34
1193,Male,41,Marketing,Marketing Analyst,5613,1,3,No,No,High School,Single,35-44
1194,Male,29,HR,HR Specialist,5010,3,4,No,No,Bachelor,Divorced,25-34
1195,Male,30,IT,Data Analyst,6490,5,4,No,No,Master,Married,25-34
1196,Female,21,IT,Senior Developer,9121,1,3,No,No,Master,Single,Under 25
1197,Male,30,Finance,Accountant,5621,6,4,No,No,Bachelor,Married,25-34
1198,Female,21,Marketing,Marketing Manager,7973,7,4,No,No,Master,Single,Under 25
1199,Male,21,Marketing,Marketing Manager,7123,2,4,No,No,Bachelor,Married,Under 25
1200,Male,40,Finance,Accountant,5416,3,2,Yes,No,Bachelor,Married,35-44
1201,Male,40,HR,HR Manager,7670,13,3,No,No,Master,Divorced,35-44
1202,Male,37,Sales,Sales Manager,6858,8,4,No,Yes,Bachelor,Married,35-44
1203,Male,26,Sales,Sales Representative,5123,8,3,No,No,Bachelor,Married,25-34
1204,Male,34,Marketing,Marketing Specialist,5140,12,3,No,No,High School,Married,25-34
1205,Male,34,HR,HR Specialist,5146,3,3,Yes,No,Master,Divorced,25-34
1206,Female,25,Sales,Sales Executive,5206,2,3,No,No,Master,Single,25-34
1207,Male,46,Sales,Sales Executive,3678,11,3,No,No,Master,Single,45+
1208,Female,41,HR,HR Manager,6055,5,2,No,No,Master,Single,35-44
1209,Male,32,Sales,Sales Executive,3608,3,3,No,No,Bachelor,Single,25-34
1210,Female,34,Sales,Sales Manager,7921,1,4,Yes,Yes,Bachelor,Married,25-34
1211,Female,36,IT,Data Analyst,6641,6,4,Yes,No,Bachelor,Married,35-44
1212,Female,21,Finance,Finance Manager,9663,5,2,No,No,High School,Married,Under 25
1213,Male,32,HR,HR Specialist,4633,4,4,No,Yes,Bachelor,Single,25-34
1214,Male,29,Sales,Sales Executive,4720,1,3,No,No,Master,Married,25-34
1215,Male,26,Finance,Financial Analyst,7002,15,3,Yes,No,High School,Single,25-34
1216,Female,32,Sales,Sales Manager,8404,2,4,No,Yes,Bachelor,Married,25-34
1217,Female,48,IT,Software Engineer,8740,5,4,No,Yes,Bachelor,Married,45+
1218,Female,39,Finance,Financial Analyst,6785,4,4,No,No,Bachelor,Single,35-44
1219,Male,29,HR,HR Specialist,5666,8,3,Yes,No,Master,Single,25-34
1220,Female,39,Marketing,Marketing Specialist,5785,1,4,No,No,Bachelor,Single,35-44
1221,Female,45,HR,HR Manager,7706,8,2,No,No,Bachelor,Married,45+
1222,Male,41,HR,HR Specialist,4642,6,3,No,No,Master,Divorced,35-44
1223,Male,34,Sales,Sales Manager,6568,3,4,No,No,Bachelor,Married,25-34
1224,Female,29,IT,Data Analyst,6998,8,3,No,Yes,Bachelor,Single,25-34
1225,Female,40,Sales,Sales Representative,3889,6,2,No,No,Bachelor,Married,35-44
1226,Female,37,Sales,Sales Manager,6805,17,4,No,No,Bachelor,Married,35-44
1227,Male,41,Marketing,Marketing Analyst,6153,5,2,Yes,No,PhD,Married,35-44
1228,Female,39,IT,Data Analyst,7621,3,1,No,No,Master,Single,35-44
1229,Male,42,Marketing,Marketing Manager,7757,8,3,Yes,No,Bachelor,Single,35-44
1230,Male,30,HR,HR Specialist,5960,4,3,No,No,Master,Married,25-34
1231,Male,45,Finance,Finance Manager,7258,6,4,No,No,Bachelor,Single,45+
1232,Female,36,IT,IT Support,6174,2,3,No,No,High School,Single,35-44
1233,Female,51,HR,HR Specialist,4534,8,2,No,No,Bachelor,Single,45+
1234,Male,28,IT,IT Support,5087,4,4,Yes,No,Bachelor,Married,25-34
1235,Male,48,Sales,Sales Representative,3946,7,3,No,No,Bachelor,Married,45+
1236,Female,36,Finance,Financial Analyst,5921,19,2,No,No,Master,Divorced,35-44
1237,Male,29,IT,Software Engineer,8384,5,4,Yes,No,Master,Married,25-34
1238,Female,30,Sales,Sales Executive,5010,9,3,No,No,Bachelor,Married,25-34
1239,Male,31,HR,Recruiter,4534,5,3,Yes,Yes,Bachelor,Single,25-34
1240,Male,37,Sales,Sales Representative,5205,3,3,No,No,High School,Married,35-44
1241,Male,38,Marketing,Marketing Analyst,6494,13,4,No,No,High School,Single,35-44
1242,Male,29,Marketing,Marketing Analyst,6078,1,4,Yes,No,Bachelor,Married,25-34
1243,Female,34,Marketing,Marketing Analyst,5553,11,3,No,No,Bachelor,Married,25-34
1244,Male,51,IT,IT Support,5676,1,2,Yes,No,Master,Single,45+
1245,Male,48,Sales,Sales Manager,6858,10,4,Yes,No,Bachelor,Single,45+
1246,Female,37,Marketing,Marketing Specialist,6108,6,3,Yes,Yes,High School,Single,35-44
1247,Male,34,IT,Software Engineer,8625,3,3,No,No,Bachelor,Single,25-34
1248,Female,35,Marketing,Marketing Specialist,6403,4,3,No,No,Bachelor,Single,35-44
1249,Female,39,Marketing,Marketing Analyst,5382,9,4,No,No,High School,Divorced,35-44
1250,Female,26,Marketing,Marketing Manager,6972,18,4,Yes,No,Master,Married,25-34
1251,Male,32,IT,Senior Developer,8792,1,2,Yes,Yes,High School,Married,25-34
1252,Female,21,IT,Software Engineer,6251,3,3,No,No,Master,Married,Under 25
1253,Female,37,Marketing,Marketing Specialist,5610,2,4,No,Yes,Bachelor,Divorced,35-44
1254,Male,39,IT,Data Analyst,6904,5,1,No,No,Bachelor,Married,35-44
1255,Male,30,Sales,Sales Executive,4297,10,4,Yes,No,Bachelor,Married,25-34
1256,Female,47,HR,Recruiter,4163,2,3,No,No,Master,Single,45+
1257,Female,24,Marketing,Marketing Analyst,6034,6,3,No,No,Bachelor,Single,Under 25
1258,Male,22,Finance,Financial Analyst,5654,10,2,No,No,Master,Married,Under 25
1259,Female,36,HR,HR Manager,6440,4,2,No,No,Bachelor,Married,35-44
1260,Female,42,Sales,Sales Executive,2733,6,4,Yes,No,Master,Married,35-44
1261,Male,47,HR,HR Manager,7182,12,2,No,No,Bachelor,Single,45+
1262,Male,30,Marketing,Marketing Analyst,6852,2,4,No,No,Master,Single,25-34
1263,Male,43,Sales,Sales Executive,5680,1,3,No,No,Bachelor,Married,35-44
1264,Female,34,IT,Software Engineer,7103,7,2,No,No,Master,Single,25-34
1265,Male,33,Marketing,Marketing Analyst,5309,7,1,No,No,Bachelor,Married,25-34
1266,Female,41,Finance,Finance Manager,8305,4,3,No,No,High School,Married,35-44
1267,Female,39,Finance,Financial Analyst,5351,3,4,Yes,No,High School,Married,35-44
1268,Female,21,Finance,Financial Analyst,6196,6,3,No,No,Master,Married,Under 25
1269,Male,46,IT,Software Engineer,7898,2,3,No,No,Bachelor,Married,45+
1270,Female,45,IT,Software Engineer,8198,2,3,No,No,Master,Married,45+
1271,Male,29,Finance,Financial Analyst,5935,9,3,No,No,Bachelor,Married,25-34
1272,Female,37,Finance,Financial Analyst,5868,2,3,Yes,No,Bachelor,Married,35-44
1273,Male,38,Marketing,Marketing Analyst,5129,1,4,No,No,High School,Single,35-44
1274,Male,36,Marketing,Marketing Analyst,5163,3,3,No,No,PhD,Single,35-44
1275,Female,30,IT,IT Support,6153,4,3,Yes,No,Master,Single,25-34
1276,Male,29,IT,Data Analyst,7239,8,2,No,No,Master,Married,25-34
1277,Male,34,Finance,Accountant,6294,3,4,No,No,Bachelor,Married,25-34
1278,Female,43,HR,HR Specialist,4478,14,2,No,No,Master,Married,35-44
1279,Female,38,Finance,Financial Analyst,6970,6,1,No,No,Master,Single,35-44
1280,Female,31,Finance,Accountant,5524,3,3,No,No,Bachelor,Single,25-34
1281,Female,40,Marketing,Marketing Specialist,5386,7,3,No,No,Master,Divorced,35-44
1282,Female,21,IT,IT Support,5814,14,3,No,No,PhD,Single,Under 25
1283,Male,43,IT,Senior Developer,7124,9,3,No,No,Master,Married,35-44
1284,Male,21,Sales,Sales Representative,4575,1,4,No,No,Master,Married,Under 25
1285,Male,31,HR,HR Manager,7679,4,2,No,Yes,Bachelor,Married,25-34
1286,Female,25,Sales,Sales Representative,3817,7,4,No,No,Bachelor,Single,25-34
1287,Female,24,IT,IT Support,6344,8,3,Yes,No,PhD,Single,Under 25
1288,Male,43,IT,Data Analyst,7335,5,3,No,No,High School,Single,35-44
1289,Male,30,IT,Data Analyst,5984,4,3,Yes,No,Master,Married,25-34
1290,Female,37,HR,HR Manager,6856,17,2,No,No,Master,Married,35-44
1291,Male,34,Sales,Sales Executive,5116,9,4,No,No,Master,Single,25-34
1292,Female,38,Sales,Sales Executive,3785,8,3,No,No,PhD,Married,35-44
1293,Male,35,Finance,Finance Manager,8191,4,3,No,No,Bachelor,Married,35-44
1294,Female,24,IT,Software Engineer,6518,2,3,No,No,Bachelor,Single,Under 25
1295,Male,42,Sales,Sales Manager,7403,8,4,No,No,High School,Married,35-44
1296,Female,30,IT,Senior Developer,8677,9,3,Yes,Yes,Bachelor,Married,25-34
1297,Female,22,Finance,Financial Analyst,4950,6,4,Yes,Yes,Bachelor,Single,Under 25
1298,Female,31,Sales,Sales Executive,5357,9,3,No,No,Bachelor,Single,25-34
1299,Female,46,HR,Recruiter,4723,9,1,No,No,Master,Married,45+
1300,Female,41,Sales,Sales Representative,3473,10,2,Yes,No,Master,Divorced,35-44
1301,Female,31,Sales,Sales Manager,7230,1,3,No,No,Bachelor,Married,25-34
1302,Male,31,IT,Data Analyst,7747,4,2,No,Yes,Bachelor,Married,25-34
1303,Female,31,IT,Software Engineer,6740,8,1,Yes,No,Master,Married,25-34
1304,Female,51,HR,Recruiter,5240,6,4,No,No,High School,Single,45+
1305,Male,37,Finance,Financial Analyst,6279,9,4,No,No,High School,Married,35-44
1306,Female,37,Marketing,Marketing Specialist,5851,8,4,Yes,No,Bachelor,Married,35-44
1307,Female,42,IT,Software Engineer,7515,1,2,No,No,Bachelor,Single,35-44
1308,Female,36,IT,Software Engineer,7161,11,2,No,No,Bachelor,Married,35-44
1309,Male,32,Finance,Finance Manager,7462,4,1,No,No,PhD,Married,25-34
1310,Male,32,Sales,Sales Executive,4656,3,4,No,No,Bachelor,Single,25-34
1311,Female,33,IT,IT Support,5603,11,4,No,No,Bachelor,Divorced,25-34
1312,Female,34,Sales,Sales Executive,2701,9,3,No,No,Bachelor,Single,25-34
1313,Male,40,Sales,Sales Manager,7384,12,2,Yes,No,Bachelor,Single,35-44
1314,Female,34,Marketing,Marketing Specialist,5988,7,3,No,No,Master,Single,25-34
1315,Female,40,Marketing,Marketing Manager,6164,4,3,No,No,Master,Married,35-44
1316,Male,33,Finance,Finance Manager,7344,6,3,Yes,Yes,Master,Married,25-34
1317,Female,35,IT,Software Engineer,7802,2,3,No,No,Bachelor,Single,35-44
1318,Male,21,Sales,Sales Manager,8437,2,3,No,No,Master,Married,Under 25
1319,Male,41,Sales,Sales Executive,4614,3,2,No,No,Master,Married,35-44
1320,Male,37,Sales,Sales Representative,3527,15,1,No,No,Master,Married,35-44
1321,Female,42,IT,Senior Developer,8581,4,4,No,No,High School,Married,35-44
1322,Male,21,Finance,Accountant,6594,1,2,No,No,High School,Married,Under 25
1323,Male,51,HR,HR Specialist,4580,5,1,No,No,Bachelor,Divorced,45+
1324,Male,33,Sales,Sales Manager,6581,4,2,No,No,Master,Single,25-34
1325,Male,43,Marketing,Marketing Manager,7386,12,1,No,No,Bachelor,Single,35-44
1326,Female,26,Finance,Accountant,5080,14,3,No,No,Bachelor,Married,25-34
1327,Male,39,HR,HR Specialist,5080,4,4,No,No,Master,Divorced,35-44
1328,Male,26,HR,HR Manager,8256,7,3,No,No,Master,Single,25-34
1329,Female,29,IT,IT Support,6510,7,3,No,No,Master,Single,25-34
1330,Male,49,Sales,Sales Executive,4436,5,3,No,No,Bachelor,Single,45+
1331,Male,32,IT,Senior Developer,8510,5,3,Yes,No,Master,Married,25-34
1332,Male,36,Finance,Accountant,4684,3,4,No,No,Bachelor,Single,35-44
1333,Male,41,Sales,Sales Representative,4574,1,4,No,No,Bachelor,Married,35-44
1334,Male,38,Sales,Sales Executive,4549,3,1,Yes,No,Bachelor,Divorced,35-44
1335,Male,35,Sales,Sales Executive,4483,5,4,No,No,Bachelor,Married,35-44
1336,Male,37,Sales,Sales Representative,6076,2,3,No,No,Bachelor,Single,35-44
1337,Female,53,Marketing,Marketing Manager,7894,6,4,No,No,Master,Married,45+
1338,Male,34,Finance,Finance Manager,7511,6,3,Yes,No,High School,Single,25-34
1339,Female,36,IT,Software Engineer,7123,4,4,No,No,Master,Divorced,35-44
1340,Female,42,Sales,Sales Executive,5346,5,4,No,No,Bachelor,Married,35-44
1341,Male,43,IT,Data Analyst,7074,2,2,Yes,Yes,Bachelor,Married,35-44
1342,Female,43,IT,Senior Developer,7765,10,3,No,No,Bachelor,Married,35-44
1343,Male,39,Sales,Sales Executive,5197,10,4,No,No,Bachelor,Married,35-44
1344,Female,25,IT,Senior Developer,8266,2,4,No,No,Bachelor,Married,25-34
1345,Male,47,IT,Software Engineer,8618,2,1,No,Yes,Bachelor,Single,45+
1346,Male,25,HR,HR Specialist,5702,3,3,No,No,Bachelor,Married,25-34
1347,Male,36,HR,HR Manager,6909,8,3,No,No,High School,Divorced,35-44
1348,Female,28,Sales,Sales Representative,4833,7,1,Yes,No,Bachelor,Married,25-34
1349,Male,33,IT,Data Analyst,7044,11,3,Yes,No,Master,Divorced,25-34
1350,Female,37,HR,HR Manager,7754,12,2,No,No,Bachelor,Single,35-44
1351,Male,37,IT,Senior Developer,9015,1,4,No,No,Master,Married,35-44
1352,Female,37,Marketing,Marketing Manager,7150,8,3,No,Yes,Master,Married,35-44
1353,Male,47,HR,Recruiter,4782,12,4,Yes,No,Master,Married,45+
1354,Female,38,Sales,Sales Manager,7769,4,1,Yes,No,Master,Married,35-44
1355,Male,32,Sales,Sales Executive,4382,6,3,No,No,Bachelor,Single,25-34
1356,Male,42,HR,Recruiter,4938,5,2,No,No,Master,Single,35-44
1357,Male,44,Sales,Sales Manager,6479,5,2,No,No,Master,Married,35-44
1358,Male,24,HR,HR Manager,7475,10,1,No,No,Bachelor,Single,Under 25
1359,Female,39,Marketing,Marketing Manager,9041,16,2,No,No,Bachelor,Married,35-44
1360,Male,40,HR,HR Specialist,4306,13,3,Yes,No,High School,Single,35-44
1361,Female,32,IT,Data Analyst,7016,4,2,No,Yes,Master,Single,25-34
1362,Male,45,HR,HR Manager,8118,7,3,No,Yes,Master,Married,45+
1363,Male,33,IT,Software Engineer,7348,3,3,No,No,High School,Married,25-34
1364,Male,35,IT,Software Engineer,7694,3,4,No,No,Bachelor,Married,35-44
1365,Male,33,Marketing,Marketing Manager,7009,5,4,Yes,No,Bachelor,Married,25-34
1366,Female,34,IT,Data Analyst,7278,3,3,Yes,No,High School,Single,25-34
1367,Male,25,Marketing,Marketing Analyst,5578,4,3,No,No,PhD,Married,25-34
1368,Male,22,Marketing,Marketing Analyst,6341,7,2,No,No,Bachelor,Married,Under 25
1369,Female,47,Sales,Sales Manager,7872,8,4,Yes,No,High School,Single,45+
1370,Female,27,Sales,Sales Executive,6283,8,1,Yes,No,Bachelor,Married,25-34
1371,Male,26,Sales,Sales Manager,7477,8,2,Yes,No,Master,Divorced,25-34
1372,Male,21,Sales,Sales Representative,4212,2,2,No,No,High School,Married,Under 25
1373,Female,29,Sales,Sales Executive,4726,3,3,Yes,No,Master,Single,25-34
1374,Male,23,Finance,Finance Manager,7770,6,2,No,No,Bachelor,Single,Under 25
1375,Male,47,Sales,Sales Manager,7320,11,4,No,No,High School,Single,45+
1376,Male,42,IT,Senior Developer,8508,22,2,No,No,Bachelor,Married,35-44
1377,Female,28,Marketing,Marketing Manager,7809,7,3,Yes,No,Bachelor,Married,25-34
1378,Female,52,Sales,Sales Representative,4856,9,2,No,No,Bachelor,Single,45+
1379,Male,42,Finance,Accountant,5046,2,1,Yes,Yes,Master,Divorced,35-44
1380,Male,31,IT,Software Engineer,8141,9,4,No,No,Master,Married,25-34
1381,Male,21,Sales,Sales Executive,5456,18,2,No,No,PhD,Married,Under 25
1382,Female,52,Finance,Finance Manager,7923,3,4,No,No,Bachelor,Married,45+
1383,Male,23,HR,HR Manager,5821,4,3,No,No,PhD,Single,Under 25
1384,Male,21,Marketing,Marketing Analyst,5305,10,1,No,No,Bachelor,Married,Under 25
1385,Female,42,Finance,Financial Analyst,6843,6,4,No,No,Bachelor,Married,35-44
1386,Male,54,Finance,Financial Analyst,5985,1,2,No,No,High School,Married,45+
1387,Female,45,IT,Senior Developer,8050,4,4,No,No,High School,Married,45+
1388,Male,39,Sales,Sales Executive,4272,14,2,No,No,Master,Single,35-44
1389,Male,39,Finance,Finance Manager,8546,5,4,No,No,Bachelor,Divorced,35-44
1390,Male,41,Finance,Accountant,6055,5,1,No,No,Bachelor,Single,35-44
1391,Female,40,Marketing,Marketing Specialist,5245,10,3,No,No,Master,Married,35-44
1392,Female,36,IT,IT Support,6062,7,4,No,No,Bachelor,Divorced,35-44
1393,Female,35,IT,IT Support,6045,4,4,No,Yes,Bachelor,Single,35-44
1394,Male,33,Finance,Finance Manager,7400,3,4,Yes,Yes,Bachelor,Married,25-34
1395,Female,28,IT,Software Engineer,8450,25,4,No,No,Master,Single,25-34
1396,Male,32,Marketing,Marketing Specialist,5190,12,4,Yes,No,Master,Married,25-34
1397,Male,21,Marketing,Marketing Specialist,6191,8,2,No,No,Bachelor,Married,Under 25
1398,Female,33,IT,Data Analyst,7989,8,2,No,No,Bachelor,Married,25-34
1399,Male,26,Finance,Finance Manager,8649,5,2,Yes,No,Bachelor,Divorced,25-34
1400,Male,25,Finance,Financial Analyst,5719,7,3,No,No,Master,Married,25-34
1401,Male,35,Sales,Sales Representative,4262,5,3,No,No,Bachelor,Married,35-44
1402,Male,45,Marketing,Marketing Manager,7684,3,3,Yes,Yes,Bachelor,Married,45+
1403,Male,41,IT,Data Analyst,6413,7,2,No,No,High School,Divorced,35-44
1404,Female,21,Finance,Accountant,5911,4,3,Yes,No,Bachelor,Single,Under 25
1405,Male,26,IT,Data Analyst,6234,8,2,Yes,Yes,Bachelor,Divorced,25-34
1406,Female,42,Marketing,Marketing Specialist,6172,8,3,No,No,Master,Single,35-44
1407,Female,26,IT,Senior Developer,8398,8,3,No,No,Bachelor,Married,25-34
1408,Male,32,Sales,Sales Representative,4131,3,4,Yes,No,Bachelor,Single,25-34
1409,Male,38,Marketing,Marketing Specialist,5584,4,4,No,No,Master,Single,35-44
1410,Male,26,Sales,Sales Representative,3832,4,3,Yes,No,Master,Married,25-34
1411,Female,35,IT,Data Analyst,7381,11,2,No,No,Bachelor,Married,35-44
1412,Male,23,Marketing,Marketing Manager,7391,10,3,No,No,Bachelor,Married,Under 25
1413,Female,29,Marketing,Marketing Specialist,5966,3,1,No,No,Bachelor,Single,25-34
1414,Male,37,HR,Recruiter,4325,2,3,No,No,Master,Married,35-44
1415,Female,21,HR,HR Specialist,5082,23,3,No,No,High School,Divorced,Under 25
1416,Male,38,IT,Senior Developer,9960,8,1,No,No,Master,Married,35-44
1417,Male,34,IT,IT Support,5650,2,2,Yes,No,Master,Single,25-34
1418,Female,38,IT,Data Analyst,6559,4,4,No,No,Bachelor,Married,35-44
1419,Female,36,Finance,Financial Analyst,6334,11,4,No,No,High School,Single,35-44
1420,Male,45,Finance,Financial Analyst,6117,19,3,Yes,No,Bachelor,Married,45+
1421,Female,35,Finance,Financial Analyst,6228,17,1,Yes,Yes,Bachelor,Married,35-44
1422,Male,31,Finance,Accountant,6018,7,2,No,No,Bachelor,Married,25-34
1423,Female,35,Sales,Sales Executive,5013,6,3,No,No,Master,Single,35-44
1424,Female,38,IT,Data Analyst,7721,2,4,Yes,No,PhD,Married,35-44
1425,Male,34,Sales,Sales Manager,7366,6,2,Yes,No,Bachelor,Married,25-34
1426,Male,34,IT,Senior Developer,8543,3,4,No,No,Master,Married,25-34
1427,Male,28,IT,IT Support,6737,4,2,No,No,High School,Married,25-34
1428,Female,29,Marketing,Marketing Manager,8935,10,4,No,No,Bachelor,Married,25-34
1429,Female,23,IT,Data Analyst,6914,5,3,No,No,High School,Married,Under 25
1430,Male,48,Sales,Sales Representative,3367,4,4,No,No,Master,Married,45+
1431,Male,24,Sales,Sales Executive,5320,5,3,No,No,Master,Divorced,Under 25
1432,Female,28,Finance,Finance Manager,7922,25,3,No,No,Master,Married,25-34
1433,Female,28,HR,HR Specialist,3588,2,2,No,No,High School,Married,25-34
1434,Male,41,Sales,Sales Representative,4551,7,2,Yes,Yes,Bachelor,Single,35-44
1435,Male,32,Sales,Sales Executive,4252,16,4,No,Yes,Bachelor,Married,25-34
1436,Male,44,Finance,Accountant,5641,5,4,No,Yes,Bachelor,Married,35-44
1437,Male,29,Sales,Sales Executive,4816,12,4,No,No,Master,Single,25-34
1438,Female,36,Finance,Financial Analyst,6124,2,3,No,No,Master,Single,35-44
1439,Male,27,Finance,Accountant,6161,5,4,Yes,No,Master,Married,25-34
1440,Female,51,Sales,Sales Representative,3717,3,1,No,Yes,Bachelor,Married,45+
1441,Male,24,Sales,Sales Representative,4334,5,3,No,No,Bachelor,Married,Under 25
1442,Female,36,Marketing,Marketing Specialist,5231,5,3,No,No,High School,Single,35-44
1443,Female,39,IT,Data Analyst,7480,6,3,No,No,Bachelor,Married,35-44
1444,Female,37,IT,Software Engineer,7800,10,3,No,No,Bachelor,Single,35-44
1445,Male,33,Finance,Finance Manager,7392,1,2,No,No,Master,Married,25-34
1446,Male,33,Marketing,Marketing Specialist,6106,3,3,No,No,Master,Single,25-34
1447,Male,34,Marketing,Marketing Analyst,5352,7,4,Yes,No,High School,Single,25-34
1448,Female,33,Finance,Accountant,6225,1,3,No,No,Bachelor,Single,25-34
1449,Female,42,IT,Senior Developer,8939,9,2,No,No,Bachelor,Married,35-44
1450,Female,52,Sales,Sales Executive,5795,3,2,No,No,Bachelor,Single,45+
1451,Female,30,Finance,Accountant,5555,5,2,No,No,Master,Married,25-34
1452,Female,23,HR,HR Manager,6973,10,2,No,No,High School,Married,Under 25
1453,Male,33,IT,IT Support,6287,13,3,No,No,Bachelor,Married,25-34
1454,Female,55,Marketing,Marketing Manager,7503,9,3,No,No,Bachelor,Married,45+
1455,Male,28,Sales,Sales Manager,7620,2,3,No,No,Master,Married,25-34
1456,Male,47,IT,Senior Developer,7649,8,3,No,No,Bachelor,Single,45+
1457,Male,47,Sales,Sales Executive,3915,9,4,Yes,No,Bachelor,Married,45+
1458,Male,30,IT,Software Engineer,6706,8,2,Yes,Yes,Bachelor,Single,25-34
1459,Male,39,Sales,Sales Representative,4618,14,3,No,No,Master,Single,35-44
1460,Female,47,Sales,Sales Executive,5712,6,4,Yes,No,PhD,Married,45+
1461,Male,31,Sales,Sales Manager,7032,14,2,Yes,No,Bachelor,Married,25-34
1462,Female,32,HR,HR Manager,7090,14,2,No,No,Master,Married,25-34
1463,Male,29,Finance,Financial Analyst,6046,9,4,No,No,Master,Married,25-34
1464,Male,26,HR,HR Specialist,5755,7,3,No,No,Master,Divorced,25-34
1465,Male,29,Marketing,Marketing Manager,7097,8,3,No,No,Master,Single,25-34
1466,Male,24,IT,IT Support,6455,16,1,No,No,Master,Single,Under 25
1467,Female,34,IT,Senior Developer,9334,11,3,No,No,Bachelor,Single,25-34
1468,Male,28,Marketing,Marketing Manager,8026,2,3,Yes,No,Master,Single,25-34
1469,Female,36,Sales,Sales Representative,4123,7,1,No,No,Bachelor,Married,35-44
1470,Male,22,Marketing,Marketing Analyst,6351,3,3,No,No,Master,Married,Under 25
1471,Female,37,Sales,Sales Manager,5343,3,2,No,No,Bachelor,Single,35-44
1472,Female,41,Marketing,Marketing Manager,8141,4,3,No,No,Master,Divorced,35-44
1473,Female,21,Sales,Sales Executive,4175,2,1,No,No,Master,Married,Under 25
1474,Male,37,Marketing,Marketing Analyst,4510,3,2,Yes,No,Bachelor,Single,35-44
1475,Male,44,IT,Data Analyst,7332,14,2,No,No,Master,Single,35-44
1476,Male,24,Marketing,Marketing Analyst,6593,3,1,No,No,Bachelor,Single,Under 25
1477,Female,47,Sales,Sales Executive,4511,10,4,No,No,Master,Single,45+
1478,Male,37,HR,Recruiter,5819,6,1,Yes,No,Bachelor,Single,35-44
1479,Male,28,Marketing,Marketing Analyst,6748,8,3,No,No,Bachelor,Married,25-34
1480,Female,34,IT,Software Engineer,8255,8,2,No,No,Master,Single,25-34
1481,Male,38,HR,Recruiter,6266,3,3,Yes,No,Bachelor,Single,35-44
1482,Female,35,Finance,Finance Manager,8482,10,4,No,No,Master,Divorced,35-44
1483,Male,38,IT,Data Analyst,7049,2,2,No,No,Bachelor,Married,35-44
1484,Male,27,HR,HR Manager,6159,3,4,No,No,Bachelor,Divorced,25-34
1485,Female,35,HR,HR Manager,7040,8,2,No,No,Bachelor,Single,35-44
1486,Male,23,Marketing,Marketing Specialist,4852,2,4,No,No,Bachelor,Married,Under 25
1487,Female,33,Sales,Sales Manager,8511,1,3,No,No,Bachelor,Married,25-34
1488,Male,27,IT,Senior Developer,8586,7,4,No,No,High School,Single,25-34
1489,Male,28,Marketing,Marketing Manager,7780,1,3,Yes,No,Bachelor,Single,25-34
1490,Female,44,Marketing,Marketing Analyst,6058,9,3,No,No,High School,Married,35-44
1491,Female,43,IT,Software Engineer,7428,4,2,Yes,No,PhD,Married,35-44
1492,Female,39,HR,Recruiter,6302,7,2,Yes,No,PhD,Married,35-44
1493,Male,25,Sales,Sales Representative,3595,7,4,No,No,Bachelor,Married,25-34
1494,Female,31,Sales,Sales Manager,7226,9,3,No,No,Master,Married,25-34
1495,Male,44,IT,Senior Developer,8217,9,3,No,No,Bachelor,Single,35-44
1496,Male,35,IT,IT Support,5442,2,4,No,No,Master,Single,35-44
1497,Female,53,HR,HR Manager,6802,5,3,No,No,Master,Single,45+
1498,Male,37,Sales,Sales Representative,3976,7,4,Yes,Yes,PhD,Single,35-44
1499,Female,36,Marketing,Marketing Manager,7421,14,4,No,No,Bachelor,Divorced,35-44
1500,Male,32,Marketing,Marketing Analyst,5250,9,3,No,No,Master,Married,25-34
